-- phpMyAdmin SQL Dump
-- version 5.2.1
-- https://www.phpmyadmin.net/
--
-- Host: 127.0.0.1
-- Generation Time: Oct 31, 2024 at 05:37 PM
-- Server version: 10.4.32-MariaDB
-- PHP Version: 8.2.12

SET SQL_MODE = "NO_AUTO_VALUE_ON_ZERO";
START TRANSACTION;
SET time_zone = "+00:00";


/*!40101 SET @OLD_CHARACTER_SET_CLIENT=@@CHARACTER_SET_CLIENT */;
/*!40101 SET @OLD_CHARACTER_SET_RESULTS=@@CHARACTER_SET_RESULTS */;
/*!40101 SET @OLD_COLLATION_CONNECTION=@@COLLATION_CONNECTION */;
/*!40101 SET NAMES utf8mb4 */;

--
-- Database: `talksy`
--

-- --------------------------------------------------------

--
-- Table structure for table `addresses`
--

CREATE TABLE `addresses` (
  `addressID` int(11) NOT NULL,
  `cityID` int(11) DEFAULT NULL,
  `provinceID` int(11) DEFAULT NULL
) ENGINE=InnoDB DEFAULT CHARSET=utf8mb4 COLLATE=utf8mb4_general_ci;

--
-- Dumping data for table `addresses`
--

INSERT INTO `addresses` (`addressID`, `cityID`, `provinceID`) VALUES
(1, 5, 1),
(2, 4, 2),
(3, 3, 2);

-- --------------------------------------------------------

--
-- Table structure for table `cities`
--

CREATE TABLE `cities` (
  `cityID` int(11) NOT NULL,
  `cityName` varchar(50) DEFAULT NULL
) ENGINE=InnoDB DEFAULT CHARSET=utf8mb4 COLLATE=utf8mb4_general_ci;

--
-- Dumping data for table `cities`
--

INSERT INTO `cities` (`cityID`, `cityName`) VALUES
(1, 'Quezon'),
(2, 'Sto. Tomas'),
(3, 'Makati'),
(4, 'Pasay'),
(5, 'Lipa');

-- --------------------------------------------------------

--
-- Table structure for table `closefriends`
--

CREATE TABLE `closefriends` (
  `closeFriendID` int(11) NOT NULL,
  `userID` int(11) DEFAULT NULL,
  `ownerID` int(11) DEFAULT NULL
) ENGINE=InnoDB DEFAULT CHARSET=utf8mb4 COLLATE=utf8mb4_general_ci;

-- --------------------------------------------------------

--
-- Table structure for table `comments`
--

CREATE TABLE `comments` (
  `commentID` int(11) NOT NULL,
  `dateTime` varchar(30) DEFAULT NULL,
  `content` varchar(2000) DEFAULT NULL,
  `userID` int(11) DEFAULT NULL,
  `postID` int(11) DEFAULT NULL
) ENGINE=InnoDB DEFAULT CHARSET=utf8mb4 COLLATE=utf8mb4_general_ci;

-- --------------------------------------------------------

--
-- Table structure for table `friends`
--

CREATE TABLE `friends` (
  `friendID` int(11) NOT NULL,
  `requesterID` int(11) DEFAULT NULL,
  `requesteeID` int(11) DEFAULT NULL,
  `status` varchar(30) DEFAULT NULL
) ENGINE=InnoDB DEFAULT CHARSET=utf8mb4 COLLATE=utf8mb4_general_ci;

-- --------------------------------------------------------

--
-- Table structure for table `gcmembers`
--

CREATE TABLE `gcmembers` (
  `gcMemberID` int(11) NOT NULL,
  `userID` int(11) DEFAULT NULL,
  `gcID` int(11) DEFAULT NULL
) ENGINE=InnoDB DEFAULT CHARSET=utf8mb4 COLLATE=utf8mb4_general_ci;

-- --------------------------------------------------------

--
-- Table structure for table `groupchat`
--

CREATE TABLE `groupchat` (
  `gcID` int(11) NOT NULL,
  `adminID` int(11) DEFAULT NULL
) ENGINE=InnoDB DEFAULT CHARSET=utf8mb4 COLLATE=utf8mb4_general_ci;

-- --------------------------------------------------------

--
-- Table structure for table `messages`
--

CREATE TABLE `messages` (
  `messageID` int(11) NOT NULL,
  `senderID` int(11) DEFAULT NULL,
  `receiverID` int(11) DEFAULT NULL
) ENGINE=InnoDB DEFAULT CHARSET=utf8mb4 COLLATE=utf8mb4_general_ci;

-- --------------------------------------------------------

--
-- Table structure for table `posts`
--

CREATE TABLE `posts` (
  `postID` int(11) NOT NULL,
  `userID` int(11) DEFAULT NULL,
  `content` varchar(2000) DEFAULT NULL,
  `dateTime` varchar(30) DEFAULT NULL,
  `privacy` varchar(30) DEFAULT NULL,
  `isDeleted` varchar(5) DEFAULT NULL,
  `attachment` varchar(50) DEFAULT NULL,
  `cityID` int(11) DEFAULT NULL,
  `provinceID` int(11) DEFAULT NULL
) ENGINE=InnoDB DEFAULT CHARSET=utf8mb4 COLLATE=utf8mb4_general_ci;

-- --------------------------------------------------------

--
-- Table structure for table `provinces`
--

CREATE TABLE `provinces` (
  `provinceID` int(11) NOT NULL,
  `provinceName` varchar(50) DEFAULT NULL
) ENGINE=InnoDB DEFAULT CHARSET=utf8mb4 COLLATE=utf8mb4_general_ci;

--
-- Dumping data for table `provinces`
--

INSERT INTO `provinces` (`provinceID`, `provinceName`) VALUES
(1, 'Batangas'),
(2, 'Manila');

-- --------------------------------------------------------

--
-- Table structure for table `reactions`
--

CREATE TABLE `reactions` (
  `reactionID` int(11) NOT NULL,
  `userID` int(11) DEFAULT NULL,
  `postID` int(11) DEFAULT NULL,
  `kind` varchar(30) DEFAULT NULL,
  `commentID` int(11) DEFAULT NULL
) ENGINE=InnoDB DEFAULT CHARSET=utf8mb4 COLLATE=utf8mb4_general_ci;

-- --------------------------------------------------------

--
-- Table structure for table `userinfo`
--

CREATE TABLE `userinfo` (
  `userInfoID` int(11) NOT NULL,
  `userID` int(11) DEFAULT NULL,
  `addressID` int(11) DEFAULT NULL,
  `firstName` varchar(100) NOT NULL,
  `lastName` varchar(100) NOT NULL,
  `birthDay` date NOT NULL
) ENGINE=InnoDB DEFAULT CHARSET=utf8mb4 COLLATE=utf8mb4_general_ci;

--
-- Dumping data for table `userinfo`
--

INSERT INTO `userinfo` (`userInfoID`, `userID`, `addressID`, `firstName`, `lastName`, `birthDay`) VALUES
(1, 1, 1, 'Anya', 'Forger', '2010-04-09'),
(2, 2, 2, 'Cassy', 'Austin', '2000-07-10'),
(3, 3, 3, 'Levi', 'Ackerman', '1997-12-25');

-- --------------------------------------------------------

--
-- Table structure for table `users`
--

CREATE TABLE `users` (
  `userID` int(11) NOT NULL,
  `messageID` int(11) DEFAULT NULL,
  `userName` varchar(100) NOT NULL
) ENGINE=InnoDB DEFAULT CHARSET=utf8mb4 COLLATE=utf8mb4_general_ci;

--
-- Dumping data for table `users`
--

INSERT INTO `users` (`userID`, `messageID`, `userName`) VALUES
(1, 0, 'I_lIke_PeAnuts'),
(2, 0, 'cssystin'),
(3, 0, 'levs_ckrmn');

--
-- Indexes for dumped tables
--

--
-- Indexes for table `addresses`
--
ALTER TABLE `addresses`
  ADD PRIMARY KEY (`addressID`);

--
-- Indexes for table `cities`
--
ALTER TABLE `cities`
  ADD PRIMARY KEY (`cityID`);

--
-- Indexes for table `closefriends`
--
ALTER TABLE `closefriends`
  ADD PRIMARY KEY (`closeFriendID`);

--
-- Indexes for table `comments`
--
ALTER TABLE `comments`
  ADD PRIMARY KEY (`commentID`);

--
-- Indexes for table `friends`
--
ALTER TABLE `friends`
  ADD PRIMARY KEY (`friendID`);

--
-- Indexes for table `gcmembers`
--
ALTER TABLE `gcmembers`
  ADD PRIMARY KEY (`gcMemberID`);

--
-- Indexes for table `groupchat`
--
ALTER TABLE `groupchat`
  ADD PRIMARY KEY (`gcID`);

--
-- Indexes for table `messages`
--
ALTER TABLE `messages`
  ADD PRIMARY KEY (`messageID`);

--
-- Indexes for table `posts`
--
ALTER TABLE `posts`
  ADD PRIMARY KEY (`postID`);

--
-- Indexes for table `provinces`
--
ALTER TABLE `provinces`
  ADD PRIMARY KEY (`provinceID`);

--
-- Indexes for table `reactions`
--
ALTER TABLE `reactions`
  ADD PRIMARY KEY (`reactionID`);

--
-- Indexes for table `userinfo`
--
ALTER TABLE `userinfo`
  ADD PRIMARY KEY (`userInfoID`);

--
-- Indexes for table `users`
--
ALTER TABLE `users`
  ADD PRIMARY KEY (`userID`);
COMMIT;

/*!40101 SET CHARACTER_SET_CLIENT=@OLD_CHARACTER_SET_CLIENT */;
/*!40101 SET CHARACTER_SET_RESULTS=@OLD_CHARACTER_SET_RESULTS */;
/*!40101 SET COLLATION_CONNECTION=@OLD_COLLATION_CONNECTION */;
